Aspect Macro F1,Aspect Micro F1,Aspect Accuracy,Polarity Macro F1,Polarity Micro F1,Polarity Accuracy,Emotion Macro F1,Emotion Micro F1,Emotion Accuracy,Aspect Report,Polarity Report,Emotion Report
1.0,1.0,1.0,1.0,1.0,1.0,0.9877379488793019,0.9964912280701754,0.9964912280701754,"aspect          precision    recall  f1-score   support
               precision    recall  f1-score   support

     ambience       1.00      1.00      1.00        54
         food       1.00      1.00      1.00       168
         menu       1.00      1.00      1.00        50
miscellaneous       1.00      1.00      1.00        26
        place       1.00      1.00      1.00        27
        price       1.00      1.00      1.00        44
      service       1.00      1.00      1.00        78
        staff       1.00      1.00      1.00       123

     accuracy                           1.00       570
    macro avg       1.00      1.00      1.00       570
 weighted avg       1.00      1.00      1.00       570
","polarity        precision    recall  f1-score   support
              precision    recall  f1-score   support

    negative       1.00      1.00      1.00       222
     neutral       1.00      1.00      1.00       154
    positive       1.00      1.00      1.00       194

    accuracy                           1.00       570
   macro avg       1.00      1.00      1.00       570
weighted avg       1.00      1.00      1.00       570
","emotion         precision    recall  f1-score   support
                precision    recall  f1-score   support

    admiration       0.99      1.00      1.00       116
     annoyance       1.00      1.00      1.00        90
disappointment       1.00      0.99      1.00       128
       disgust       1.00      1.00      1.00         5
     gratitude       1.00      0.83      0.91         6
mentioned_only       1.00      1.00      1.00       102
mixed_emotions       1.00      1.00      1.00        10
       neutral       0.98      1.00      0.99        44
  satisfaction       1.00      1.00      1.00        69

      accuracy                           1.00       570
     macro avg       1.00      0.98      0.99       570
  weighted avg       1.00      1.00      1.00       570
"
